{
  "name": "regional_memory_dense_s42",
  "neurons": 12000,
  "synapses": 399555,
  "reward_plastic": 100008,
  "sessions": 3,
  "ticks_per_session": 10000,
  "mean_ci": 0.02206817066948885,
  "ci_std": 0.02357667197010694,
  "best_ci": 0.05539116091391338,
  "worst_ci": 0.004420302059935112,
  "mean_spk_rate": 240.69553333333332,
  "mean_motor": 355386.3333333333,
  "final_w_mean": 2.0900947924166067,
  "session_details": [
    {
      "ci": 0.004420302059935112,
      "start_dist": 19.999999999999996,
      "end_dist": 19.911593958801294,
      "total_spikes": 2271658,
      "motor_spikes": 355582,
      "sensory_spikes": 156231,
      "spikes_per_tick": 227.1658,
      "reward_total": 0.018697384509753917,
      "w_mean": 2.0900947924166067,
      "w_std": 0.2541100416367249,
      "time_s": 403.0524370999774,
      "ticks_per_sec": 24.81066749515645
    },
    {
      "ci": 0.05539116091391338,
      "start_dist": 16.07561720908784,
      "end_dist": 15.185170109468782,
      "total_spikes": 2670413,
      "motor_spikes": 354366,
      "sensory_spikes": 444338,
      "spikes_per_tick": 267.0413,
      "reward_total": 0.1975799900706121,
      "w_mean": 2.0900947924166067,
      "w_std": 0.2541100416367249,
      "time_s": 195.18001490001916,
      "ticks_per_sec": 51.23475374834096
    },
    {
      "ci": 0.006393049034618058,
      "start_dist": 20.000000000000004,
      "end_dist": 19.872139019307642,
      "total_spikes": 2278795,
      "motor_spikes": 356211,
      "sensory_spikes": 156103,
      "spikes_per_tick": 227.8795,
      "reward_total": 0.022916444438080136,
      "w_mean": 2.0900947924166067,
      "w_std": 0.2541100416367249,
      "time_s": 175.2501891000138,
      "ticks_per_sec": 57.06127937067779
    }
  ]
}